№з/п;Договір №;від;ЄДРПОУ контрагента;Назва контрагента;Предмет договору;Код CPV (розділ);Обсяг платежів, грн.
;;;;І.ТОВАРИ;;;
1;б/н;20.01.2014;30851408;"ПП ""АГРО-АДМІРАЛ""";Кран кульовий, кран КЗШс;42000000-6;126924.79
1;б/н;20.01.2014;30851408;"ПП ""АГРО-АДМІРАЛ""";Емаль, щітка по металу, різьба, теплоізоляція,цемент, хомути металеві та пластмасові;44000000-0;790616.57
1;б/н;20.01.2014;30851408;"ПП ""АГРО-АДМІРАЛ""";Круг відрізний, пісок, скло;14000000-1;82856.32
1;б/н;20.01.2014;30851408;"ПП ""АГРО-АДМІРАЛ""";Манометр;38000000-5;13303.20
1;б/н;20.01.2014;30851408;"ПП ""АГРО-АДМІРАЛ""";Резина маслостійка;19000000-6;812.40
1;б/н;20.01.2014;30851408;"ПП ""АГРО-АДМІРАЛ""";Дошка обрізна;03000000-1;17063.50
1;б/н;20.01.2014;30851408;"ПП ""АГРО-АДМІРАЛ""";Вазелін технічний;09000000-3;1357.02
1;б/н;20.01.2014;30851408;"ПП ""АГРО-АДМІРАЛ""";Вапно гашене, карбид;24000000-4;44530.71
1;б/н;20.01.2014;30851408;"ПП ""АГРО-АДМІРАЛ""";Електроди;31000000-6;29858.40
1;б/н;20.01.2014;30851408;"ПП ""АГРО-АДМІРАЛ""";Рукавиці;18000000-9;12713.28
1;б/н;20.01.2014;30851408;"ПП ""АГРО-АДМІРАЛ""";Герметик;39000000-2;3151.45
1;б/н;15.04.2016;30851408;"ПП ""АГРО-АДМІРАЛ""";Дошка обрізна;03000000-1;1831.63
1;б/н;15.04.2016;30851408;"ПП ""АГРО-АДМІРАЛ""";Емаль, щітка по металу, різьба, теплоізоляція,цемент;44000000-0;19830.89
1;б/н;15.04.2016;30851408;"ПП ""АГРО-АДМІРАЛ""";Електроди;31000000-6;261.00
1;б/н;15.04.2016;30851408;"ПП ""АГРО-АДМІРАЛ""";Круг відрізний, пісок, скло;14000000-1;445.20
1;б/н;15.04.2016;30851408;"ПП ""АГРО-АДМІРАЛ""";Вапно гашене, карбид;24000000-4;51265.69
1;43101;11.03.2016;;ФОП Чувашкин В.А.;Канцтовари;30000000-9;1355.00
1;42836;11.04.2016;21875464;"ТОВ ПП ""ЗІП""";Фарба фасадна, фарба для дорожної розмітки;44000000-0;44352.00
1;10959;24.03.2016;21875464;"ТОВ ПП ""ЗІП""";Фарба фасадна, фарба для дорожної розмітки;44000000-0;170028.00
1;б/н;;236010;"ПАТ ""Завод Фрунзе""";Сітка зварювальна оцінкована;44000000-0;2174.64
1;1/229;22.12.2016;;ФОП Яртим Л.А.;Пакля;19000000-6;15.26
1;1/229;22.12.2016;;ФОП Яртим Л.А.;Конструкційні матеріали;44000000-0;498.96
1;1/229;22.12.2016;;ФОП Яртим Л.А.;Фум рідкий;24000000-4;121.68
1;1/229;22.12.2016;;ФОП Яртим Л.А.;Сантехнічні матеріали;42000000-6;4108.30
1;б/н;12.08.2016;;ФОП Яртим Л.А.;Сантехнічні матеріали;42000000-6;2319.86
1;б/н;12.08.2016;;ФОП Яртим Л.А.;Набір сальників гумових, перехід гумовий;19000000-6;426.46
1;б/н;12.08.2016;;ФОП Яртим Л.А.;Конструкційні матеріали;44000000-0;35331.36
1;б/н;12.08.2016;;ФОП Яртим Л.А.;Лічильники, манометр;38000000-5;1743.60
1;б/н;12.08.2016;;ФОП Яртим Л.А.;Диск алмазний;14000000-1;1002.00
1;1/144;20.10.2016;32490244;"ТОВ ""Епіцентр К""";Інструмент;44000000-0;7716.90
1;1/144;20.10.2016;32490244;"ТОВ ""Епіцентр К""";Перфоратор, кутова шліфмашинка, бури;42000000-6;9529.56
1;1/144;20.10.2016;32490244;"ТОВ ""Епіцентр К""";Диск відризний;14000000-1;780.00
1;1/144;20.10.2016;32490244;"ТОВ ""Епіцентр К""";Спецодяг;18000000-9;28418.46
1;13150;15.04.2016;32490244;"ТОВ ""Епіцентр К""";Рукавиці;18000000-9;612.00
1;13150;15.04.2016;32490244;"ТОВ ""Епіцентр К""";Конструкційні матеріали;44000000-0;15023.35
1;1/166;29.11.2016;32490244;"ТОВ ""Епіцентр К""";Бензопилка ланцюгова, мініелектростанція;42000000-6;16746.96
1;б/н;;32490244;"ТОВ ""Епіцентр К""";Конструкційні матеріали;44000000-0;29494.15
1;б/н;;32490244;"ТОВ ""Епіцентр К""";Промислова техніка;42000000-6;11429.46
1;б/н;;32490244;"ТОВ ""Епіцентр К""";Меблі;39000000-2;9970.94
1;б/н;;32490244;"ТОВ ""Епіцентр К""";Бури;43000000-3;460.56
1;б/н;;32490244;"ТОВ ""Епіцентр К""";Офісна техніка;30000000-9;81.36
1;б/н;;32490244;"ТОВ ""Епіцентр К""";Хімічна продукція;24000000-4;2025.17
1;б/н;;32490244;"ТОВ ""Епіцентр К""";Щітка;34000000-7;591.54
1;б/н;;32490244;"ТОВ ""Епіцентр К""";Пуско-зарядний пристрій;31000000-6;3391.98
1;б/н;;32490244;"ТОВ ""Епіцентр К""";Килим гумовий;19000000-6;1003.77
1;б/н;;32490244;"ТОВ ""Епіцентр К""";Тачка садова;16000000-5;3595.92
1;б/н;;32490244;"ТОВ ""Епіцентр К""";Мультиметр;38000000-5;1500.00
1;96320;30.05.2016;22430008;"ТОВ ""Сандора""";Напої;15000000-8;50049.36
1;б/н;;35873496;"ТОВ ""Свіфт-Інвест""";Цемент, емаль;44000000-0;5506.39
1;б/н;;35873496;"ТОВ ""Свіфт-Інвест""";Пігмент;24000000-0;130.74
1;1/132;30.09.2016;39719577;"ТОВ ""Сінгулар""";Ємність горизонтальна;39000000-2;11005.00
1;б/н;;39719577;"ТОВ ""Сінгулар""";Пилосос, меблі;39000000-2;15270.00
1;б/н;;39719577;"ТОВ ""Сінгулар""";Допоміжна будівельна продукція;44000000-0;1580.00
1;1/131;30.09.2016;39719577;"ТОВ ""Сінгулар""";Промислова техніка (насос, фільтр, манометр);42000000-6;8352.60
1;1/131;30.09.2016;39719577;"ТОВ ""Сінгулар""";Допоміжна будівельна продукція;44000000-0;3339.00
1;43009;19.02.2016;25029312;"ПП ""Ефект""";Емаль, розчинник;44000000-0;16999.80
1;43009;19.02.2016;25029312;"ПП ""Ефект""";Рукавиці;18000000-9;510.00
1;43009;19.02.2016;25029312;"ПП ""Ефект""";Мітли;39000000-2;3252.00
1;43009;19.02.2016;25029312;"ПП ""Ефект""";Вапно гашене;24000000-4;288.00
1;б/н;;30170110;"ДП ""Еско-Одеса""";Перфоратор, шпиндель;42000000-6;15467.83
1;б/н;;30170110;"ДП ""Еско-Одеса""";Газонокосилка;16000000-5;8957.27
1;б/н;;30170110;"ДП ""Еско-Одеса""";Бури;43000000-3;5790.86
1;11689;29.03.2016;;ФОП Соколова К.А.;Табличка адресна;34400000-0;29956.50
1;б/н;;;ФОП Стулій Т.В.;Свердла, саморізи, шайби;44000000-0;479.00
1;50;01.01.2016;32334104;"ПП ""Таврія-1""";Канцтовари;30000000-9;615.40
1;50;01.01.2016;32334104;"ПП ""Таврія-1""";Молоко;03000000-1;30071.06
1;50;01.01.2016;32334104;"ПП ""Таврія-1""";Побутова техніка;39000000-2;1186.80
1;44/16;22.03.2016;34943074;"ПП ""Тедекс Мастила Україна""";Масла, олива;09000000-3;91771.44
1;б/н;;22887660;"ТОВ ""Техприлад НВП""";Лічильник ;38000000-5;10004.95
1;б/н;;22485297;Укрпошта УДППЗ;Конверти;30000000-9;3176.00
1;б/н;;;ФОП Чуча С.М.;Електротехнічні матеріали;31000000-6;280.00
1;б/н;;;ФОП Чуча С.М.;Болти;44000000-0;285.00
1;б/н;;;ФОП Чуча С.М.;Нафтопродукти;09000000-3;1845.00
1;б/н;;;ФОП Чуча С.М.;Герметик;39000000-2;130.00
1;б/н;;;ФОП Чуча С.М.;Автозапчастини;34000000-7;39327.00
1;б/н;;;ФОП Федюкович О.О.;Пігмент;24000000-4;3375.00
1;б/н;;;ФОП Юрчак А.М.;Мотокоса;34000000-7;7725.00
1;б/н;;30646438;"ПП ""Штампсервіс""";Печатка, штамп;30000000-9;4386.00
1;1/197;12.12.2016;;ФОП Ященко В.В.;Мусорник, лавочки;44000000-0;17910.00
1;б/н;;;ФОП Хаджиміті О.Я.;Автозапчастини;34000000-7;29084.00
1;1/106;08.08.2016;35507391;"ТОВ ""Гранд Болівар""";Фонтан світлодіодний;31000000-6;142800.00
1;1/162;25.11.2016;;ФОП Гриценко І.М.;Мітли, віники;39000000-2;36000.00
1;б/н;;;ФОП Гриценко І.М.;Мітли, віники;39000000-2;29000.00
1;б/н;;;ФОП Деркач В.М.;Альгіцид;24000000-4;1429.47
1;б/н;;;ФОП Гур'єв А.А.;Навігатор;34000000-7;5000.00
1;44197;11.03.2016;31209837;"ТОВ ""Дніпропром""";Знаки дорожні;34000000-7;6565.15
1;17168;17.05.2016;31209837;"ТОВ ""Дніпропром""";Знаки дорожні;34000000-7;6396.00
1;19360;02.06.2016;31209837;"ТОВ ""Дніпропром""";Знаки дорожні;34000000-7;675.59
1;33970;11.07.2016;31209837;"ТОВ ""Дніпропром""";Знаки дорожні;34000000-7;15654.65
1;1/105;08.08.2016;31209837;"ТОВ ""Дніпропром""";Знаки дорожні;34000000-7;35561.92
1;1/139;17.10.2016;31209837;"ТОВ ""Дніпропром""";Знаки дорожні;34000000-7;44530.90
1;1/159;22.11.2016;31209837;"ТОВ ""Дніпропром""";Знаки дорожні;34000000-7;7268.28
1;1/228;27.12.2016;31209837;"ТОВ ""Дніпропром""";Знаки дорожні;34000000-7;49329.65
1;1/212;12.12.2016;38567757;"ТОВ ""Електроноф""";Паяльна станція;42000000-6;3785.94
1;42491;10.03.2016;24533971;"ПП ""Екотех ВКФ""";Система зворотнього осмосу;42000000-6;4844.00
1;14977;22.04.2016;;ФОП Єрмошенко В.М.;Пляжеприбиральна машина;43000000-3;249950.00
1;б/н;;38574319;"ТОВ ""Технотрастсервіс""";Фільтр патронний;42000000-6;349.00
1;б/н;;38574319;"ТОВ ""Технотрастсервіс""";Долото списоподібне;44000000-0;914.00
1;55;11.01.2016;38017560;"ТОВ ""Стімпекс Компанія"" ";Рукавиці;18000000-9;1627.38
1;55;11.01.2016;38017560;"ТОВ ""Стімпекс Компанія"" ";Миючі засоби;39000000-2;60885.72
1;55;11.01.2016;38017560;"ТОВ ""Стімпекс Компанія"" ";Канцтовари;30000000-9;147385.50
1;55;11.01.2016;38017560;"ТОВ ""Стімпекс Компанія"" ";Телефон;30000000-9;858.24
1;43831;14.03.2016;35848260;"ТОВ ""Сіопласт""";Пластик;34000000-7;288000.00
1;1/158;22.11.2016;35848260;"ТОВ ""Сіопласт""";Склокульки;34000000-7;19998.00
1;12420;01.04.2016;5537398;Іллічівський судоремонтний ліцей;Лавки садово-паркові;39000000-2;16923.06
1;28856;15.06.2016;5537398;Іллічівський судоремонтний ліцей;Лавки садово-паркові;39000000-2;12163.04
1;1/230;27.12.2016;5537398;Іллічівський судоремонтний ліцей;Лавки садово-паркові;39000000-2;44389.28
1;1/178;05.12.2016;5537398;Іллічівський судоремонтний ліцей;Лавки садово-паркові;39000000-2;51218.40
1;б/н;;21036574;"ТОВ ""Ільтур""";Флагшток;35000000-4;26171.50
1;1/226;19.12.2016;;ФОП Капусткін О.М.;Піч калориферна;39000000-2;10000.00
1;б/н;;24766741;"ТОВ ""Гратек""";Канцтовари;30000000-9;4028.32
1;б/н;;24766741;"ТОВ ""Гратек""";Друковані продукція;22000000-0;74620.44
1;ПАЛ-01-02-2016;01.02.2016;37635244;"ТОВ ""Кінг-Енерджі""";Паливо;09000000-3;452675.40
1;45292;17.03.2016;;ФОП Ковальчук Н.А.;Табличка адресна;44000000-0;22822.80
1;13881;19.04.2016;;ФОП Ковальчук Н.А.;Табличка адресна;44000000-0;6224.40
1;14246;19.04.2016;;ФОП Ковальчук Н.А.;Табличка адресна;44000000-0;1640.00
1;1/101;21.07.2016;;ФОП Ковальчук Н.А.;Табличка адресна;44000000-0;6540.00
1;1/103;21.07.2016;;ФОП Ковальчук Н.А.;Табличка інформаційна;44000000-0;29400.00
1;б/н;;;ФОП Ковальчук Н.А.;Щит інформаційний;44000000-0;4150.00
1;1/114;21.07.2016;;ФОП Ковальчук Н.А.;Табличка адресна;44000000-0;1905.00
1;1/217;16.12.2016;;ФОП Ковальчук Н.А.;Табличка інформаційна;44000000-0;77826.00
1;1/163;25.11.2016;;"ВКФ ""Комплект"" ТОВ";Конструкційні матеріали;44000000-0;39484.80
1;б/н;;13884689;"ВКФ ""Комплект"" ТОВ";Конструкційні матеріали;44000000-0;20675.40
1;44927;17.03.2016;34801368;"ДП ""Торговий дім ""Лакма""-Од""";Розчинник;44000000-0;14400.00
1;930;30.05.2016;22481842;"ТОВ ""Лузанівка""";Мінеральна вода;15000000-8;30418.94
1;М8-16;13.05.2016;37350843;"ПП ""Марсель-8""";Морозиво;15000000-8;64660.44
1;б/н;;36008659;"ТОВ ""Макси Трейд""";Конвектор електричний;39000000-2;1039.00
1;1/136;10.10.2016;;ФОП Матковська О.П;Подрібнювач гілок;42000000-6;18870.00
1;б/н;;;ФОП Марущак О.О.;Меблі;39000000-2;4190.00
1;б/н;;;ФОП Марущак Т.В.;Меблі;39000000-2;5430.00
1;10067;01.04.2016;31629324;"ТОВ ""Піріт Систем""";Офісна техніка;30000000-9;23690.40
1;46023;21.03.2016;38170165;"ТОВ ""Миколаїв-Фарм""";Медикаменти;33000000-0;6856.82
1;б/н;;;"ТОВ ""Медфарм""";Медикаменти;33000000-0;16758.45
1;07/10-од;07.10.2016;38573205;"ТОВ ""Одесенергобуд""";Щит ВРУ;31000000-6;39974.00
1;1/211;14.12.2016;36538834;"ТОВ ""Практик-УМ""";Смітник;44000000-0;128000.00
1;б/н;;35625082;"ТОВ ""Сав-Дістрибьюшн""";Кондиціонер;39000000-2;5599.89
1;1/138;19.10.2016;35625082;"ТОВ ""Сав-Дістрибьюшн""";Пилосос;39000000-2;1899.90
1;б/н;;32828388;"ТОВ ""Констракшн машинері""";Запчастини;34000000-7;2911.23
1;б/н;;;ФОП Коваль І.Д;Офісна техніка;30000000-9;61635.00
1;1/216;12.12.2016;;ФОП Коваль І.Д;Офісна техніка;30000000-9;32978.00
1;1/215;12.12.2016;;ФОП Коваль І.Д;Офісна техніка;30000000-9;5912.00
1;б/н;;;ФОП Ричило А.О;Офісна техніка;30000000-9;2565.00
1;б/н;;31630366;ПКФ ТОВ Кріопром;Хімічна продукція;24000000-4;49839.30
1;1/191;09.12.2016;38167283;"ТОВ ""Люмєр Україна""";Куля ПВХ;39000000-2;27879.46
1;1/189;09.12.2016;38167283;"ТОВ ""Люмєр Україна""";Ялинка;39000000-2;156100.00
1;1/145;27.10.2016;;ФОП Кривонос М.О.;Рація;32000000-3;5188.00
1;1/145;27.10.2016;;ФОП Кривонос М.О.;Обладнання;35000000-4;59351.00
1;б/н;;;ФОП Мандажи І.П.;Запчастини;34000000-7;750.00
1;73/20;20.11.2014;39265734;"ТОВ ""Компанія ""Рідне місто""""";Електроматеріали;31000000-6;434368.07
1;б/н;;32751609;"ТОВ ""Трансмет-ЮГ""";Конструкційні матеріали;44000000-0;315830.64
1;1/227;21.12.2016;32751609;"ТОВ ""Трансмет-ЮГ""";Конструкційні матеріали;44000000-0;5249.97
1;1/147;28.10.2016;30300801;"ПП ""Кані""";Обладнання;35000000-4;30696.00
1;20/2016;12.09.2016;33398849;"ТОВ ""Каблекс-Україна""";Електроматеріали;31000000-6;5578.81
1;1/203;14.12.2016;37680166;"ТОВ ""Торгімпортгруп""";Електроматеріали;31000000-6;22267.00
1;1/202;14.12.2016;37680166;"ТОВ ""Торгімпортгруп""";Електроматеріали;31000000-6;44288.00
1;б/н;;37680166;"ТОВ ""Торгімпортгруп""";Перфоратор, насос;42000000-6;46272.00
1;8074;11.07.2016;39365338;"ТОВ ""НПК Агромет-сервіс""";Транспортне обладнання;34000000-7;30000.00
1;74;24.10.2016;32039704;"ПП ""Агропостач""";Запчастини;34000000-7;1419.67
1;1/146;28.10.2016;;ФОП Алентьєва О.М.;Камишовий мат;39000000-2;68000.00
1;1/147/1;27.12.2016;;ФОП Алентьєва О.М.;Камишовий мат;39000000-2;35485.00
1;1/225;20.12.2016;37137184;"ПП ""Аркс Сталь""";Металеве огородження;34000000-7;199644.00
1;1/142;18.10.2016;14228451;"ТОВ ""Атілос""";Світлофори;34000000-7;140088.00
1;б/н;;;ФОП Багрін М.М.;Табличка фасадна;44000000-0;1080.00
1;б/н;;;ФОП Балух М.А.;Канцтовари;30000000-9;2162.53
1;б/н;;;ФОП Балух М.А.;Друкована продукція;22000000-0;9124.00
1;34335;11.07.2016;33003857;"ТОВ ""АПК Бєлагросервіс""";Транспортне обладнання;34000000-7;365446.14
1;1/112;29.08.2016;33003857;"ТОВ ""АПК Бєлагросервіс""";Транспортне обладнання;34000000-7;87000.00
1;42370;;40734897;"ТОВ ""Ваттек""";Конструкційні матеріали;44000000-0;6166.02
1;1/167;29.11.2016;13907606;"ТОВ ""Герафак""";Розкидач;16000000-5;111000.00
1;1/151;03.11.2016;;ФОП Воробйов О.В.;Флагшток;35000000-4;99993.00
1;35796;13.07.2016;;ФОП Воробйов О.В.;Прапор;35000000-4;9510.00
1;19725;09.06.2016;;ФОП Воробйов О.В.;Лавка;35000000-4;20860.00
1;б/н;17.05.2016;;ФОП Воробйов О.В.;Прапори;35000000-4;3900.00
1;б/н;18.08.2016;;ФОП Воробйов О.В.;Прапори;35000000-4;3180.00
1;20090;13.06.2016;31833947;"ТОВ ""Глобус-авто""";Транспортне обладнання;34000000-7;197144.51
1;ХБТ-24/07/16;01.08.2016;37929278;"ТОВ ""Блек Сі Петрол""";Паливо;09000000-3;1187569.84
1;б/н;;35575592;"ТОВ ""ТПК Велес""";Фарбопульт;42000000-6;5985.00
1;б/н;;24766391;"ВКП ""Вік-Медіа""";Нумератор;30000000-9;1185.00
1;б/н;26.02.2016;;ФОП Гладка Т.А.;Промислова техніка ;42000000-6;5105.72
1;42963;16.08.2016;;ФОП Скачкова Н.О.;Хімічна продукція;24000000-4;12749.35
1;42963;16.08.2016;;ФОП Скачкова Н.О.;Конструкційні матеріали;44000000-0;14153.14
1;42963;16.08.2016;;ФОП Скачкова Н.О.;Пісок, диск;14000000-1;8110.50
1;42963;16.08.2016;;ФОП Скачкова Н.О.;Електроди;31000000-6;520.00
1;16/0;16.08.2016;;ФОП Скачкова Н.О.;Рукавиці;18000000-9;204.00
1;11;22.01.2016;38958137;"ТОВ ""Гараж автозапчастини""";Фільтри;42000000-6;3482.12
1;11;22.01.2016;38958137;"ТОВ ""Гараж автозапчастини""";Шини;19000000-6;3468.00
1;б/н;;35904141;"ТОВ ""Гідрохаус""";Герметик;39000000-2;482.01
1;б/н;;35904141;"ТОВ ""Гідрохаус""";Конструкційні матеріали;44000000-0;9110.91
1;0509/16;05.09.2016;37946471;"ТОВ ""ФВ Пласт Україна""";Насос, крани;42000000-6;100779.90
1;0509/16;05.09.2016;37946471;"ТОВ ""ФВ Пласт Україна""";Вироби з поліпропелену;44000000-0;7935.97
1;0509/16;05.09.2016;37946471;"ТОВ ""ФВ Пласт Україна""";Вазелін;24000000-4;161.16
1;43466;04.03.2016;32839447;"ТОВ ""Овідій плюс""";Генератор;31000000-6;15000.00
1;1/102;21.07.2016;32839447;"ТОВ ""Овідій плюс""";Зварювальний апарат, шурупокрут;42000000-6;5538.00
1;1/102;21.07.2016;32839447;"ТОВ ""Овідій плюс""";Диск відрізний;14000000-1;297.00
1;1/102;21.07.2016;32839447;"ТОВ ""Овідій плюс""";Електроди;31000000-6;660.00
1;1/102;21.07.2016;32839447;"ТОВ ""Овідій плюс""";Конструкційні матеріали;44000000-0;11923.60
1;42956;09.08.2016;32839447;"ТОВ ""Овідій плюс""";Промислова техніка;42000000-6;25704.00
1;1/155;15.11.2016;32839447;"ТОВ ""Овідій плюс""";Конструкційні матеріали;44000000-0;18000.00
1;42958;11.08.2016;32839447;"ТОВ ""Овідій плюс""";Промислова техніка;42000000-6;3825.39
1;42958;11.08.2016;32839447;"ТОВ ""Овідій плюс""";Подовжувач на котушці;31000000-6;555.00
1;42958;11.08.2016;32839447;"ТОВ ""Овідій плюс""";Конструкційні матеріали;44000000-0;39436.16
1;42958;11.08.2016;32839447;"ТОВ ""Овідій плюс""";Карбід;24000000-4;1600.00
1;1/140;01.12.2016;20954500;"ПФ ""Квант""";Мотоножниці;42000000-6;66977.04
1;27395;16.06.2016;20954500;"ПФ ""Квант""";Травокосарка;42000000-6;19939.00
1;21;10.02.2016;20954500;"ПФ ""Квант""";Промислова техніка;42000000-6;25027.00
1;21;10.02.2016;20954500;"ПФ ""Квант""";Насіння газонних травосумішей;03000000-1;13230.00
1;21;10.02.2016;20954500;"ПФ ""Квант""";Конструкційні матеріали;44000000-0;10517.00
1;21;10.02.2016;20954500;"ПФ ""Квант""";Корд ;19000000-6;4476.00
1;21;10.02.2016;20954500;"ПФ ""Квант""";Диск ріжучий;14000000-1;528.00
1;1/153;11.11.2016;34552595;"ТОВ ""Авто трейд вім""";Ліхтар ;34000000-7;4159.97
1;1/160;23.11.2016;34552595;"ТОВ ""Авто трейд вім""";Аерозоль;24000000-4;95.00
1;1/160;23.11.2016;34552595;"ТОВ ""Авто трейд вім""";Запчастини;34000000-7;2770.98
1;1/160;23.11.2016;34552595;"ТОВ ""Авто трейд вім""";Герметик;39000000-2;40.00
1;1/160;23.11.2016;34552595;"ТОВ ""Авто трейд вім""";Вогнегасник;35000000-4;180.00
1;1/160;23.11.2016;34552595;"ТОВ ""Авто трейд вім""";Стрічка світовідбиваюча;44000000-0;42.01
1;1/150;23.05.2016;34552595;"ТОВ ""Авто трейд вім""";Запчастини;34000000-7;4089.97
1;1/150;23.05.2016;34552595;"ТОВ ""Авто трейд вім""";Промислова техніка;42000000-6;140.02
1;2;06.01.2015;34552595;"ТОВ ""Авто трейд вім""";Лампи;31000000-6;2521.99
1;2;06.01.2015;34552595;"ТОВ ""Авто трейд вім""";Герметик;39000000-2;159.98
1;2;06.01.2015;34552595;"ТОВ ""Авто трейд вім""";Запчастини;34000000-7;14608.89
1;2;06.01.2015;34552595;"ТОВ ""Авто трейд вім""";Промислова техніка;42000000-6;140.02
1;2;06.01.2015;34552595;"ТОВ ""Авто трейд вім""";Стрічка світовідбиваюча;44000000-0;70.02
1;2;06.01.2015;34552595;"ТОВ ""Авто трейд вім""";Антифріз, тосол;24000000-4;985.00
1;1/117;15.09.2016;;ФОП Мельничук І.Є.;Шини;19000000-6;6120.00
1;1/143;19.10.2016;;ФОП Мельничук І.Є.;Конструкційні матеріали;44000000-0;1554.00
1;1/143;19.10.2016;;ФОП Мельничук І.Є.;Запчастини;34000000-7;11781.00
1;1/143;19.10.2016;;ФОП Мельничук І.Є.;Вилка з розеткою;31000000-6;588.00
1;1/143;19.10.2016;;ФОП Мельничук І.Є.;Ізоляційна стрічка;19000000-6;84.00
1;43070;16.02.2016;;ФОП Мельничук І.Є.;Запчастини;34000000-7;4146.00
1;32509;29.06.2016;;ФОП Мельничук І.Є.;Запчастини;34000000-7;6618.00
1;42370;04.03.2016;;ФОП Мельничук І.Є.;Запчастини;34000000-7;6795.00
1;42370;04.03.2016;;ФОП Мельничук І.Є.;Конструкційні матеріали;44000000-0;780.00
1;б/н;;;ФОП Мельничук І.Є.;Конструкційні матеріали;44000000-0;3585.00
1;б/н;;;ФОП Мельничук І.Є.;Електроматеріали;31000000-6;8598.00
1;б/н;;;ФОП Мельничук І.Є.;Диск відрізний;14000000-1;105.00
1;б/н;;;ФОП Мельничук І.Є.;Герметик;39000000-2;66.00
1;б/н;;;ФОП Мельничук І.Є.;Тосол, антифріз,автопаста;24000000-4;2022.00
1;б/н;;;ФОП Мельничук І.Є.;Промислова техніка;42000000-6;51.00
1;б/н;;;ФОП Мельничук І.Є.;Гумові та пластмасові вироби;19000000-6;276.00
1;б/н;;;ФОП Мельничук І.Є.;Запчастини;34000000-7;36777.00
1;37184;20.10.2016;37015541;"ТОВ ""Савтрейд""";Одяг, взуття;18000000-9;193335.00
1;37176;12.10.2016;37015541;"ТОВ ""Савтрейд""";Лопата, льодоруб, совок;44000000-0;32874.80
1;б/н;06.10.2016;37015541;"ТОВ ""Савтрейд""";Конструкційні матеріали;44000000-0;16267.20
1;1/210;14.12.2016;37015541;"ТОВ ""Савтрейд""";Черевики робочі;18000000-9;30990.00
1;1/209;14.12.2016;37015541;"ТОВ ""Савтрейд""";Шланг для поливу, візок для шлангу, пістолет-розпилювач ;44000000-0;39309.00
1;1/208;14.12.2016;37015541;"ТОВ ""Савтрейд""";Одяг;18000000-9;18147.00
1;1/207;14.12.2016;37015541;"ТОВ ""Савтрейд""";Рукавиці;18000000-9;5976.00
1;1/206;14.12.2016;37015541;"ТОВ ""Савтрейд""";Сіль, пісок;14000000-1;49999.20
1;1/205;14.12.2016;37015541;"ТОВ ""Савтрейд""";Костюм;18000000-9;18900.00
1;б/н;29.09.2016;37015541;"ТОВ ""Савтрейд""";Граблі;44000000-0;10080.00
1;42757;22.01.2014;37015541;"ТОВ ""Савтрейд""";Вазелін;24000000-4;550.50
1;42757;22.01.2014;37015541;"ТОВ ""Савтрейд""";Герметик;39000000-2;2704.70
1;42757;22.01.2014;37015541;"ТОВ ""Савтрейд""";Конструкційні матеріали;44000000-0;50244.16
1;1/137;12.10.2016;13888197;"ТОВ ""Автодор""";Пісок;14000000-1;34999.08
Усього за розділом І (ТОВАРИ);;;;;;;9393657.97
;;;;ІІ.РОБОТИ;;;
2;8;18.03.2013;34421853;"ТОВ ""Апогєй""";технічне обслуговування ліфтів;45000000-7;2492732.50
2;1/180;06.12.2016;34421853;"ТОВ ""Апогєй""";встановлення дверей з домофоном;45000000-7;20219.94
2;1/181;06.12.2016;34421853;"ТОВ ""Апогєй""";встановлення дверей з домофоном;45000000-7;22045.72
2;1/182;06.12.2016;34421853;"ТОВ ""Апогєй""";встановлення дверей з домофоном;45000000-7;20219.94
2;1/183;06.12.2016;34421853;"ТОВ ""Апогєй""";встановлення дверей з домофоном;45000000-7;19873.51
2;янв.70;14.06.2016;34421853;"ТОВ ""Апогєй""";капітальний ремонт ліфтів;45000000-7;239007.12
2;янв.68;14.06.2016;34421853;"ТОВ ""Апогєй""";капітальний ремонт ліфтів;45000000-7;239007.12
2;янв.62;14.06.2016;34421853;"ТОВ ""Апогєй""";капітальний ремонт ліфтів;45000000-7;211835.43
2;янв.64;14.06.2016;34421853;"ТОВ ""Апогєй""";капітальний ремонт ліфтів;45000000-7;239007.12
2;янв.63;14.06.2016;34421853;"ТОВ ""Апогєй""";капітальний ремонт ліфтів;45000000-7;239007.12
2;янв.65;14.06.2016;34421853;"ТОВ ""Апогєй""";капітальний ремонт ліфтів;45000000-7;239007.12
2;янв.67;14.06.2016;34421853;"ТОВ ""Апогєй""";капітальний ремонт ліфтів;45000000-7;239007.12
2;янв.66;14.06.2016;34421853;"ТОВ ""Апогєй""";капітальний ремонт ліфтів;45000000-7;239007.12
2;янв.69;14.06.2016;34421853;"ТОВ ""Апогєй""";капітальний ремонт ліфтів;45000000-7;239007.12
2;янв.84;29.06.2016;34421853;"ТОВ ""Апогєй""";капітальний ремонт ліфтів;45000000-7;342121.54
2;янв.88;29.06.2016;34421853;"ТОВ ""Апогєй""";капітальний ремонт ліфтів;45000000-7;477599.04
2;янв.83;29.06.2016;34421853;"ТОВ ""Апогєй""";капітальний ремонт ліфтів;45000000-7;955198.08
2;янв.86;29.06.2016;34421853;"ТОВ ""Апогєй""";капітальний ремонт ліфтів;45000000-7;712719.65
2;янв.85;29.06.2016;34421853;"ТОВ ""Апогєй""";капітальний ремонт ліфтів;45000000-7;305970.55
2;янв.87;29.06.2016;34421853;"ТОВ ""Апогєй""";капітальний ремонт ліфтів;45000000-7;530923.15
2;янв.71;14.06.2016;40355197;"ТОВ ""Мастерстрой-2010""";Капітальний ремонт приміщень;45000000-7;380000.00
2;б/н;17.06.2016;40355197;"ТОВ ""Мастерстрой-2010""";поточний ремонт фасаду житлового будинку;45000000-7;39019.63
2;янв.58;08.06.2016;40355197;"ТОВ ""Мастерстрой-2010""";поточний ремонт прибудинкової території;45000000-7;93898.80
2;янв.57;08.06.2016;40355197;"ТОВ ""Мастерстрой-2010""";поточний ремонт прибудинкової території;45000000-7;70546.80
2;янв.60;08.06.2016;40355197;"ТОВ ""Мастерстрой-2010""";поточний ремонт прибудинкової території;45000000-7;121936.80
2;б/н;01.09.2016;40355197;"ТОВ ""Мастерстрой-2010""";підготовка системи центрального опалення житлового будинку;45000000-7;29100.00
2;б/н;01.09.2016;40355197;"ТОВ ""Мастерстрой-2010""";підготовка системи центрального опалення житлового будинку;45000000-7;63115.20
2;янв.73;08.06.2016;40355197;"ТОВ ""Мастерстрой-2010""";поточний ремонт прибудинкової території;45000000-7;48183.60
2;1/100;19.07.2016;40355197;"ТОВ ""Мастерстрой-2010""";капітальний ремонт м'якої крівлі житлового будинку;45000000-7;621501.60
2;1/107;10.08.2016;40355197;"ТОВ ""Мастерстрой-2010""";капітальний ремонт фасаду житлового будинку;45000000-7;219895.03
2;янв.59;08.06.2016;40355197;"ТОВ ""Мастерстрой-2010""";поточний ремонт прибудинкової території;45000000-7;162600.00
2;янв.78;17.06.2016;13882252;"ТОВ ""Ізотерм""";капітальний ремонт житлового будинку, заміна вікон;45000000-7;79955.82
2;1/130;03.10.2016;13882252;"ТОВ ""Ізотерм""";капітальний ремонт основних фондів підприємства;45000000-7;1373300.00
2;02.сен;02.09.2016;13882252;"ТОВ ""Ізотерм""";капітальний ремонт крівлі житлового будинку;45000000-7;299916.00
2;01.сен;02.09.2016;13882252;"ТОВ ""Ізотерм""";капітальний ремонт крівлі житлового будинку;45000000-7;299934.00
2;1/152;07.12.2016;13882252;"ТОВ ""Ізотерм""";капітальний ремонт крівлі житлового будинку;45000000-7;220000.00
2;1/149;02.11.2016;13882252;"ТОВ ""Ізотерм""";капітальний ремонт крівлі житлового будинку;45000000-7;420084.00
2;1/169;29.11.2016;13882252;"ТОВ ""Ізотерм""";капітальний ремонт крівлі житлового будинку;45000000-7;593868.00
2;1/170;29.11.2016;13882252;"ТОВ ""Ізотерм""";капітальний ремонт крівлі житлового будинку;45000000-7;486258.00
2;1/165;24.11.2016;13882252;"ТОВ ""Ізотерм""";капітальний ремонт крівлі житлового будинку;45000000-7;463470.00
2;1/224;15.12.2016;13882252;"ТОВ ""Ізотерм""";поточний ремонт житлового будинку;45000000-7;19233.60
2;янв.46;12.05.2016;;ФОП Сколоздра О.З.;капітальний ремонт крівлі житлового будинку;45000000-7;649882.33
2;27;04.07.2016;;ФОП Сколоздра О.З.;капітальний ремонт крівлі житлового будинку;45000000-7;278354.29
2;1/129;03.10.2016;;ФОП Сколоздра О.З.;капітальний ремонт фасада та вимощення житлового будинку;45000000-7;295233.00
2;1/174;05.12.2016;;ФОП Сколоздра О.З.;капітальний ремонт крівлі житлового будинку;45000000-7;292864.37
2;б/н;20.11.2015;31622182;"ТОВ ""СМУ-22""";прокладання каналізаційних шляхів;45000000-7;74700.00
2;б/н;22.12.2015;31622182;"ТОВ ""СМУ-22""";прокладання каналізаційних шляхів;45000000-7;56025.00
2;б/н;10.02.2016;31622182;"ТОВ ""СМУ-22""";прокладання каналізаційних шляхів;45000000-7;62150.00
2;б/н;10.02.2016;31622182;"ТОВ ""СМУ-22""";прокладання каналізаційних шляхів;45000000-7;65220.00
2;б/н;05.04.2016;31622182;"ТОВ ""СМУ-22""";прокладання каналізаційних шляхів;45000000-7;138750.00
2;б/н;04.05.2016;31622182;"ТОВ ""СМУ-22""";гермитизація та чеканка каналізаційних колекторів;45000000-7;61380.00
2;б/н;30.06.2016;31622182;"ТОВ ""СМУ-22""";гермитизація та чеканка каналізаційних колекторів;45000000-7;62040.00
2;б/н;16.06.2016;31622182;"ТОВ ""СМУ-22""";гермитизація та чеканка каналізаційних колекторів;45000000-7;58700.00
2;б/н;07.07.2016;31622182;"ТОВ ""СМУ-22""";гермитизація та чеканка каналізаційних колекторів;45000000-7;67948.44
2;б/н;07.07.2016;31622182;"ТОВ ""СМУ-22""";гермитизація та чеканка каналізаційних колекторів;45000000-7;64994.16
2;б/н;25.09.2016;31622182;"ТОВ ""СМУ-22""";гермитизація та чеканка каналізаційних колекторів;45000000-7;63830.00
2;1/109;10.08.2016;36340457;"ТОВ ПБК ""МАНК.""";поточний ремонт-покраска знака Парус;45000000-7;15690.00
2;1/108;10.08.2016;36340457;"ТОВ ПБК ""МАНК.""";демонтаж пам'ятника Гайдара;45000000-7;29988.00
2;б/н;16.08.2016;36340457;"ТОВ ПБК ""МАНК.""";поточний ремонт крівлі;45000000-7;98708.40
2;б/н;16.08.2016;36340457;"ТОВ ПБК ""МАНК.""";поточний ремонт крівлі;45000000-7;44826.00
2;б/н;28.09.2016;36340457;"ТОВ ПБК ""МАНК.""";капітальний ремонт житлового будинку;45000000-7;149700.00
2;б/н;28.09.2016;36340457;"ТОВ ПБК ""МАНК.""";капітальний ремонт житлового будинку;45000000-7;137456.40
2;б/н;06.10.2016;36340457;"ТОВ ПБК ""МАНК.""";капітальний ремонт житлового будинку;45000000-7;144252.00
2;б/н;13.09.2016;36340457;"ТОВ ПБК ""МАНК.""";поточний ремонт каналізації житлового будинку;45000000-7;39852.00
2;1/135;10.10.2016;36340457;"ТОВ ПБК ""МАНК.""";капітальний ремонт житлового будинку;45000000-7;192522.00
2;1/134;05.10.2016;36340457;"ТОВ ПБК ""МАНК.""";поточний ремонт прибудинкової території;45000000-7;33546.00
2;1/157;21.11.2016;36340457;"ТОВ ПБК ""МАНК.""";капітальний ремонт крівлі житлового будинку;45000000-7;254032.90
Усього за розділом ІІ (РОБОТИ);;;;;;;17561978.18
;;;;ІІІ.ПОСЛУГИ;;;
3;;;30170110;"ДП ""Еско-Одеса""";Ремонт перфоратора;50000000-5;4302.43
3;504/68002;04.01.2016;22485297;Укрпошта УДППЗ;Друковані видання;22000000-0;30463.78
3;;;;"ТОВ ""Технотрастсервіс""";Ремонт обладнання;50000000-5;6705.91
3;;;21559964;"ТОВ ""Інпроект НВФ""";Збірник ціноутворення;22000000-0;4992.00
3;;03.10.2016;3123303670;ФОП Кісаров Д.М.;Обслуговування та повірка лічильника теплової енергії;98000000-3;2150.00
3;авг.63;05.10.2016;39763909;"ТОВ ""Фінансова компанія ""ГЕРЦ""";Фінансові послуги з приймання та переказу коштів;66000000-0;161005.10
3;2707;29.07.2016;35838749;"ТОВ ""Укртрансгруп""";"Періодичне видання ""Радник у сфері державних закупівель""";22000000-0;492.00
3;2-Т;13.05.2013;36849527;"ПАТ ""Одесагаз""";Експлуатація складових газорозподільної системи ;76000000-3;13336.81
3;466;29.09.2016;39567669;"ТОВ ""Перший БІТ.Південь""";Інформаційно-технологічний супровід 1С;72000000-5;2352.00
3;ЛЗЛ-00867;25.08.2016;2511201785;ФОП Гниленко О.Г.;Ліцензії на право використання КП Комплект Бізнес ЛІГА Закон;72000000-5;5160.00
3;;01.06.2016;2472411059;ФОП Лимарьов П.С.;Кур'єрські послуги;64000000-6;1040.00
3;23;15.06.2016;33017519;"ТОВ ""Холодмонтажавтоматика""";Технічне випробування електрообладнання;50000000-5;4000.00
3;462/0616;14.06.2016;2830002867;ФОП Барвіцька Б.В.;"Навчання за програмою ""Практика здійснення публічних закупівель"" ";80000000-4;1500.00
3;ОП91-1 ;21.01.2016;5537398;"ДНЗ ""Іллічівський професійний судоремонтний ліцей""";Послуги з утримання фекальної насосної станції;90000000-7;8023.18
3;ОП91-2;21.01.2016;5537398;"ДНЗ ""Іллічівський професійний судоремонтний ліцей""";Послуги з утримання трансформаторної подстанції;50000000-5;3674.09
3;ОП91-3;21.01.2016;5537398;"ДНЗ ""Іллічівський професійний судоремонтний ліцей""";Послуги з утримання насосної підкачки;50000000-5;7676.76
3;83/16;07.06.2016;33647738;"ТОВ ""Клімат контроль""";Демонтаж, монтаж, наладка і повірка газового лічильника;50000000-5;8728.00
3;2;30.05.2016;34169601;"ТОВ ""Іллічівськавтотранс""";Послуги перевезення;60000000-8;200.00
3;0104-2016-0140;13.05.2016;131713;"ПАТ ""Одесаобленерго""";Приєднання електроустановок до електричних мереж;50000000-8;20160.00
3;01/24575;16.05.2016;37026684;"ПП ""Український експертний будівельний центр""";Консультаційні послуги з питань визначення вартості будівельних робіт ПК АВК-5;79000000-4;2736.00
3;19137;17.05.2016;20962907;"КП ""Бюро технічної інвентарізації""";Підготовка інформації за адресою;98000000-3;169.81
3;731;11.04.2016;38017089;"ТОВ ""Міжгалузевий центр охорони праці та промислової безпеки""";Навчання по правилам електробезпеки;80000000-4;1440.00
3;МД-1353;19.04.2016;4725970;"ДП ""Одеський регіональний центр стандартизації, метрології та сертифікації""";Надання метрологічних послуг;71000000-8;14278.86
3;23;14.03.2016;20944074;"КП ""ІПВАПБ""";Виконання графічного матеріалу та розробка проекту капітального ремонту;71000000-8;4409.95
3;18668;17.03.2016;20962907;"КП ""Бюро технічної інвентарізації""";Підготовка інформації за адресою;98000000-3;1000.00
3;10;22.01.2016;33424125;"ПП ""Гранд-газ-сервіс""";Послуги транспортних засобів;60000000-8;5600.00
3;янв.22;17.03.2016;20954500;"ПФ ""КВАНТ""";Ремонт мотокосарок та іншого обладнання ;50000000-5;3280.00
3;18480;23.02.2016;20962907;"КП ""Бюро технічної інвентарізації""";Поточна зьомка;71000000-8;500.00
3;18481;23.02.2016;20962907;"КП ""Бюро технічної інвентарізації""";Поточна зьомка;71000000-8;500.00
3;18482;23.02.2016;20962907;"КП ""Бюро технічної інвентарізації""";Поточна зьомка;71000000-8;500.00
3;18484;23.02.2016;20962907;"КП ""Бюро технічної інвентарізації""";Поточна зьомка;71000000-8;500.00
3;18483;23.02.2016;20962907;"КП ""Бюро технічної інвентарізації""";Поточна зьомка;71000000-8;500.00
3;42651;24.02.2016;37596682;"ТОВ ""Агенство ""Консалт""";Послуги навчання;80000000-4;2700.00
3;0006233/К3;20.01.2016;2426097;"ДП ""Зовнішторгвидав України""";"Використання платного сервісу ""Кабінет замовника""";79000000-4;1080.00
3;178;08.12.2016;38017089;"ТОВ ""Міжгалузевий центр охорони праці та промислової безпеки""";Навчання по правилам електробезпеки;80000000-4;1640.00
3;108-Ч 635;04.01.2016;31619819;"КП ""Іллічівськтеплоенерго""";Послуги з централізованного опалення та гарячого водопостачання;65000000-3;369180.54
3;3221/16-ТЕ-23;21.12.2015;20077720;"ПАТ ""Нафтогаз України""";Природний газ;76000000-3;80707.95
3;462-И;30.11.2015;20950844;"ТОВ ""ТВ-Серрус""";Послуги зі збирання та вивезення великогабаритних відходів;90000000-7;1214718.86
3;460-И;30.11.2015;20950844;"ТОВ ""ТВ-Серрус""";Послуги зі збирання, вивезення твердих побутових відходів та їх захоронення;90000000-7;4870254.89
3;461-И;30.11.2015;20950844;"ТОВ ""ТВ-Серрус""";Послуги зі збирання, вивезення твердих побутових відходів та їх захоронення;90000000-7;14883.24
3;1/192;09.12.2016;40461108;"ТОВ ""Люм'єр Україна""";Оренда майна;98000000-3;60000.00
Усього за розділом ІІІ (Послуги);;;;;;;6725792.94
Разом (розділ І+розділ ІІ+розділ ІІІ);;;;;;;33681429.09
КВЕД;;;;;;;81.10
